{
	"version": 1,
	"changelists": [
		{
			"guid": "00000000000000000000000000000000",
			"description": "Default Uncontrolled Changelist",
			"files": [
				"S:/Epic/UE_5.1/Projects/UE5/Content/NewMap_HLOD0_Instancing.uasset",
				"S:/Epic/UE_5.1/Projects/UE5/Content/__ExternalActors__/NewMap/2/J7/QO5TQORWCXORVK1051S8GH.uasset",
				"S:/Epic/UE_5.1/Projects/UE5/Content/__ExternalObjects__/NewMap/1/RU/3FHCA0FW5IIFSQ2O54UZA9.uasset",
				"S:/Epic/UE_5.1/Projects/UE5/Content/__ExternalObjects__/NewMap/7/AM/99MZXH85XVTY7NU0J1OJ8N.uasset",
				"S:/Epic/UE_5.1/Projects/UE5/Content/__ExternalObjects__/NewMap/9/EW/DIR8ZHVIQ96U3XBY7PSRNI.uasset",
				"S:/Epic/UE_5.1/Projects/UE5/Content/__ExternalObjects__/NewMap/9/20/PV6HCV4P0GX9P77B63TXTQ.uasset",
				"S:/Epic/UE_5.1/Projects/UE5/Content/__ExternalObjects__/NewMap/4/OA/KV5NVW6RVGCY40C13H5F98.uasset",
				"S:/Epic/UE_5.1/Projects/UE5/Content/__ExternalActors__/NewMap/0/MY/K9ZUEA69K5KJSH5045MJR1.uasset",
				"S:/Epic/UE_5.1/Projects/UE5/Content/__ExternalActors__/NewMap/9/MW/33JI6228IHMKP046YQI3NM.uasset",
				"S:/Epic/UE_5.1/Projects/UE5/Content/__ExternalActors__/NewMap/E/7Z/D90LOZ6OX06T5XEND5R79L.uasset",
				"S:/Epic/UE_5.1/Projects/UE5/Content/__ExternalActors__/NewMap/1/LJ/SX9JKDV4UA15T0E1TTFAVZ.uasset",
				"S:/Epic/UE_5.1/Projects/UE5/Content/__ExternalActors__/NewMap/9/KB/H67VGU7BHNHPWWQEMQJ41J.uasset",
				"S:/Epic/UE_5.1/Projects/UE5/Content/__ExternalActors__/NewMap/5/K5/N5PQOIOOZA749OR27OS0F7.uasset",
				"S:/Epic/UE_5.1/Projects/UE5/Content/__ExternalActors__/NewMap/6/2O/DXFGF2WM4JJABUV0FET9FV.uasset",
				"S:/Epic/UE_5.1/Projects/UE5/Content/__ExternalActors__/NewMap/9/2R/7Y8MMR44XVULYO5P3YZL6Q.uasset",
				"S:/Epic/UE_5.1/Projects/UE5/Content/__ExternalActors__/NewMap/6/HH/WEV2UZOW80WMJE695BD7Q8.uasset",
				"S:/Epic/UE_5.1/Projects/UE5/Content/__ExternalActors__/NewMap/5/XG/8DSW2V35VY2X5SMHCJ0A83.uasset",
				"S:/Epic/UE_5.1/Projects/UE5/Content/__ExternalActors__/NewMap/4/OC/ZNLH3RF59GXIC6NLPXICJV.uasset",
				"S:/Epic/UE_5.1/Projects/UE5/Content/__ExternalActors__/NewMap/2/4C/VZIZRHQCO6B7KG8DEJKZAU.uasset",
				"S:/Epic/UE_5.1/Projects/UE5/Content/__ExternalActors__/NewMap/B/8P/CM2NN20XZG7JOWND4OKSFF.uasset",
				"S:/Epic/UE_5.1/Projects/UE5/Content/__ExternalActors__/NewMap/5/J7/A965JVJJK99ZV7RSG0A80Y.uasset",
				"S:/Epic/UE_5.1/Projects/UE5/Content/__ExternalActors__/NewMap/3/XV/FQZFA2ZLA9XBN7XWV0QIN8.uasset",
				"S:/Epic/UE_5.1/Projects/UE5/Content/__ExternalActors__/NewMap/C/Z1/5JJ1TP1XPKW9WSX7HGUMJU.uasset",
				"S:/Epic/UE_5.1/Projects/UE5/Content/__ExternalActors__/NewMap/D/YE/SR6HPODQM7KP47H3B60IL3.uasset",
				"S:/Epic/UE_5.1/Projects/UE5/Content/__ExternalActors__/NewMap/7/OX/U1S14RGV0J3HYBLRGYLFIH.uasset",
				"S:/Epic/UE_5.1/Projects/UE5/Content/__ExternalActors__/NewMap/7/69/K2DUYEPPDEHF7DXTMITAO4.uasset",
				"S:/Epic/UE_5.1/Projects/UE5/Content/__ExternalActors__/NewMap/4/6W/J14X55NXI3UVJMVVIW1NAN.uasset",
				"S:/Epic/UE_5.1/Projects/UE5/Content/__ExternalActors__/NewMap/9/R1/8BCEFBDGK0H81DULB6PL99.uasset",
				"S:/Epic/UE_5.1/Projects/UE5/Content/__ExternalActors__/NewMap/7/ZI/H9Z8XD8BJTDFP4C3J5UYO5.uasset",
				"S:/Epic/UE_5.1/Projects/UE5/Content/__ExternalActors__/NewMap/F/47/SRE2F10IBLNCEHWHDB0R5Q.uasset",
				"S:/Epic/UE_5.1/Projects/UE5/Content/__ExternalActors__/NewMap/B/QO/2LS1PO2KB0MPBU3Q10JQLS.uasset",
				"S:/Epic/UE_5.1/Projects/UE5/Content/__ExternalActors__/NewMap/0/QY/YUZCOR8LUXX6PIBH0Q0BO9.uasset",
				"S:/Epic/UE_5.1/Projects/UE5/Content/__ExternalActors__/NewMap/7/P9/5INQQWN21QET7O4P293LRP.uasset",
				"S:/Epic/UE_5.1/Projects/UE5/Content/__ExternalActors__/NewMap/2/IG/Y65WPOHBQW42TNWBNMQ1L3.uasset",
				"S:/Epic/UE_5.1/Projects/UE5/Content/__ExternalActors__/NewMap/6/5X/42927YT2PIUFMXJ9TCYHNH.uasset",
				"S:/Epic/UE_5.1/Projects/UE5/Content/__ExternalActors__/NewMap/0/65/3U8C974D5MOQ8LAHOO4OCF.uasset",
				"S:/Epic/UE_5.1/Projects/UE5/Content/__ExternalActors__/NewMap/0/19/P6TW7XC9AP5UWY79STK9GK.uasset",
				"S:/Epic/UE_5.1/Projects/UE5/Content/__ExternalActors__/NewMap/A/HQ/88P9BDP4TVKYFOZOJN3QMQ.uasset",
				"S:/Epic/UE_5.1/Projects/UE5/Content/__ExternalActors__/NewMap/2/3Q/WL4B65TFTACMIMHM4H03A7.uasset",
				"S:/Epic/UE_5.1/Projects/UE5/Content/__ExternalActors__/NewMap/A/OY/ET64S8Y7B7A56RDOXEXET4.uasset",
				"S:/Epic/UE_5.1/Projects/UE5/Content/__ExternalActors__/NewMap/3/GN/GA7D4CR7K6V687F7J61C3N.uasset",
				"S:/Epic/UE_5.1/Projects/UE5/Content/__ExternalActors__/NewMap/D/CY/79499WIO2JEGDOHXKAVE2Q.uasset",
				"S:/Epic/UE_5.1/Projects/UE5/Content/__ExternalActors__/NewMap/3/7K/TMNUAYLY4F5HL33COW5OC3.uasset",
				"S:/Epic/UE_5.1/Projects/UE5/Content/__ExternalActors__/NewMap/2/RD/GHAKQAVACU5JIZXY0Y8JB5.uasset",
				"S:/Epic/UE_5.1/Projects/UE5/Content/__ExternalActors__/NewMap/C/MP/7SW071I54YKZ7WANNW9ZNF.uasset",
				"S:/Epic/UE_5.1/Projects/UE5/Content/__ExternalActors__/NewMap/B/1O/W74LG5Z5X560FBYOC0UL54.uasset",
				"S:/Epic/UE_5.1/Projects/UE5/Content/__ExternalActors__/NewMap/A/NH/500JBYKPF78U8D5OIH4ZTV.uasset",
				"S:/Epic/UE_5.1/Projects/UE5/Content/__ExternalActors__/NewMap/A/KF/0HUUB8ZWRIJMRUKUDDMH1E.uasset",
				"S:/Epic/UE_5.1/Projects/UE5/Content/__ExternalActors__/NewMap/C/7A/579A09SC2JTS2H6LSR13PL.uasset",
				"S:/Epic/UE_5.1/Projects/UE5/Content/__ExternalActors__/NewMap/8/03/XUBA90OKAR0F82M61W3CX8.uasset",
				"S:/Epic/UE_5.1/Projects/UE5/Content/__ExternalActors__/NewMap/9/XH/RE3KCKBHLMM1GG0PY3DP2X.uasset",
				"S:/Epic/UE_5.1/Projects/UE5/Content/__ExternalActors__/NewMap/2/WD/GI741NDVNZBKI2A7TXX224.uasset",
				"S:/Epic/UE_5.1/Projects/UE5/Content/__ExternalActors__/NewMap/1/4E/Q1KRQ2YOUWFAZ0SNJ2S0IF.uasset",
				"S:/Epic/UE_5.1/Projects/UE5/Content/__ExternalActors__/NewMap/E/N8/PFO7BDZ0JAA14BRARTV0S0.uasset",
				"S:/Epic/UE_5.1/Projects/UE5/Content/__ExternalActors__/NewMap/A/IO/8Z6TE7XPJH0N4NGDM5G8FO.uasset",
				"S:/Epic/UE_5.1/Projects/UE5/Content/__ExternalActors__/NewMap/8/V0/ZL0SLSEYGYT07XDJ00EIUF.uasset",
				"S:/Epic/UE_5.1/Projects/UE5/Content/__ExternalActors__/NewMap/1/40/44UC22RK64JP3YG9GR8ZH4.uasset",
				"S:/Epic/UE_5.1/Projects/UE5/Content/__ExternalActors__/NewMap/A/97/TJ4C9PDLS1GUU3HZVA9VAW.uasset",
				"S:/Epic/UE_5.1/Projects/UE5/Content/__ExternalActors__/NewMap/9/F0/2PBKWHHRFBG1A4L1JXPK2N.uasset",
				"S:/Epic/UE_5.1/Projects/UE5/Content/__ExternalActors__/NewMap/1/FP/E0070ZPQ0510UOASJSCVAJ.uasset",
				"S:/Epic/UE_5.1/Projects/UE5/Content/__ExternalActors__/NewMap/1/3C/PEH7TW33XZKZ1EF9JBCDPX.uasset",
				"S:/Epic/UE_5.1/Projects/UE5/Content/__ExternalActors__/NewMap/B/EO/2UN44M3CSTF66URSISACO7.uasset",
				"S:/Epic/UE_5.1/Projects/UE5/Content/__ExternalActors__/NewMap/2/5S/LKWFWDPYQSEQSQPB66JM48.uasset",
				"S:/Epic/UE_5.1/Projects/UE5/Content/__ExternalActors__/NewMap/D/JR/WB3NI9RNBS8ZM7NAOBCUT1.uasset",
				"S:/Epic/UE_5.1/Projects/UE5/Content/__ExternalActors__/NewMap/4/5W/6XNNGY07XFQS1KA8BSIAGI.uasset",
				"S:/Epic/UE_5.1/Projects/UE5/Content/__ExternalActors__/NewMap/9/S0/ZQAAAMNNZKH0GPXO0DBFMJ.uasset",
				"S:/Epic/UE_5.1/Projects/UE5/Content/__ExternalActors__/NewMap/B/MX/VD8G2R3DRQURL3L2N8FK5A.uasset",
				"S:/Epic/UE_5.1/Projects/UE5/Content/__ExternalActors__/NewMap/9/P8/B0WWH2443MBX8KNWBXHRF4.uasset",
				"S:/Epic/UE_5.1/Projects/UE5/Content/__ExternalActors__/NewMap/6/FM/N6HUV654J3L83XHWCME1XN.uasset",
				"S:/Epic/UE_5.1/Projects/UE5/Content/__ExternalActors__/NewMap/1/0H/BMRPGXAA4ISZUWMZHYLHZI.uasset",
				"S:/Epic/UE_5.1/Projects/UE5/Content/__ExternalActors__/NewMap/9/TR/EQW5T4BO9JJ206FV4WNNES.uasset",
				"S:/Epic/UE_5.1/Projects/UE5/Content/__ExternalActors__/NewMap/1/J6/P0NXNHI04JBPOHH6OHIDSK.uasset",
				"S:/Epic/UE_5.1/Projects/UE5/Content/__ExternalActors__/NewMap/8/B3/RBYC3BLDB8MGWKK1EO1GW0.uasset",
				"S:/Epic/UE_5.1/Projects/UE5/Content/__ExternalActors__/NewMap/D/8Z/4LSU7JRUL69YYIDJGSE35W.uasset",
				"S:/Epic/UE_5.1/Projects/UE5/Content/__ExternalActors__/NewMap/1/DT/ZX3WQ173AO0DO5BNMZ4U3K.uasset",
				"S:/Epic/UE_5.1/Projects/UE5/Content/__ExternalActors__/NewMap/2/97/3V83DZXP0WILS8G17CM3NX.uasset",
				"S:/Epic/UE_5.1/Projects/UE5/Content/NewMap.umap",
				"S:/Epic/UE_5.1/Projects/UE5/Content/NewMaterial.uasset",
				"S:/Epic/UE_5.1/Projects/UE5/Content/__ExternalActors__/NewMap/4/86/1MWRFKQ0ZQRBRPAP93TXNP.uasset",
				"S:/Epic/UE_5.1/Projects/UE5/Content/__ExternalActors__/NewMap/B/81/TPIY26IUDWC2X9PW8VDXTE.uasset"
			]
		}
	]
}