﻿<?xml version="1.0" encoding="utf-8"?>
<Layouts>
  <Layout Name="Default With Library"><DockingManager version="1.3.0">
    <ResizingPanel ResizeWidth="*" ResizeHeight="*" EffectiveSize="0,0" Orientation="Horizontal">
        <ResizingPanel ResizeWidth="170" ResizeHeight="*" EffectiveSize="170,1054" Orientation="Vertical">
            <DocumentPane IsMain="true" ResizeWidth="*" ResizeHeight="*" EffectiveSize="170,848">
                <DocumentContent Name="XLibraryView" />
            </DocumentPane>
            <DocumentPane ResizeWidth="*" ResizeHeight="200" EffectiveSize="170,200">
                <DocumentContent Name="XColorPickerView" />
            </DocumentPane>
        </ResizingPanel>
        <DocumentPane ResizeWidth="0.333333333333333*" ResizeHeight="*" EffectiveSize="576.666666666667,1054">
            <DocumentContent Name="XCompositionViewDock" />
        </DocumentPane>
        <ResizingPanel ResizeWidth="0.666666666666667*" ResizeHeight="*" EffectiveSize="1153.33333333333,1054" Orientation="Vertical">
            <DocumentPane ResizeWidth="*" ResizeHeight="220" EffectiveSize="1153,220">
                <DocumentContent Name="XConsoleView" />
            </DocumentPane>
            <ResizingPanel ResizeWidth="*" ResizeHeight="*" EffectiveSize="1153,828" Orientation="Horizontal">
                <DocumentPane ResizeWidth="290" ResizeHeight="*" EffectiveSize="290,828">
                    <DocumentContent Name="parameterViewDock" />
                </DocumentPane>
                <ResizingPanel ResizeWidth="*" ResizeHeight="*" EffectiveSize="857,828" Orientation="Vertical">
                    <DocumentPane ResizeWidth="0.5*" ResizeHeight="*" EffectiveSize="857,411">
                        <DocumentContent Name="XSelectionViewDock" />
                    </DocumentPane>
                    <DocumentPane ResizeWidth="0.5*" ResizeHeight="*" EffectiveSize="857,411">
                        <DocumentContent Name="XSelectionView2Dock" />
                    </DocumentPane>
                </ResizingPanel>
            </ResizingPanel>
        </ResizingPanel>
    </ResizingPanel>
    <Hidden />
    <Windows />
</DockingManager></Layout>
  <Layout Name="Workspace And 2 Views"><DockingManager version="1.3.0">
    <ResizingPanel ResizeWidth="*" ResizeHeight="*" EffectiveSize="0,0" Orientation="Horizontal">
        <DocumentPane IsMain="true" SelectedIndex="0" ResizeWidth="0.427771948233648*" ResizeHeight="*" EffectiveSize="815.333333333333,1054">
            <DocumentContent Name="XCompositionViewDock" />
            <DocumentContent Name="XLibraryView" />
        </DocumentPane>
        <ResizingPanel ResizeWidth="0.572228051766352*" ResizeHeight="*" EffectiveSize="1090.66666666667,1054" Orientation="Horizontal">
            <DocumentPaneResizingPanel ResizeWidth="0.34126336496603*" ResizeHeight="*" EffectiveSize="370.270750988142,1054" Orientation="Vertical">
                <DocumentPane ResizeWidth="0.760496183206107*" ResizeHeight="1.52099236641221*" EffectiveSize="370,797">
                    <DocumentContent Name="parameterViewDock" />
                </DocumentPane>
                <DocumentPane ResizeWidth="0.239503816793893*" ResizeHeight="0.479007633587786*" EffectiveSize="370,251">
                    <DocumentContent Name="XColorPickerView" />
                </DocumentPane>
            </DocumentPaneResizingPanel>
            <ResizingPanel ResizeWidth="0.65873663503397*" ResizeHeight="*" EffectiveSize="714.729249011858,1054" Orientation="Vertical">
                <DocumentPaneResizingPanel ResizeWidth="0.547709923664122*" ResizeHeight="1.09541984732824*" EffectiveSize="715,574" Orientation="Vertical">
                    <DocumentPane ResizeWidth="0.173745173745174*" ResizeHeight="0.347490347490348*" EffectiveSize="715,98.6872586872587">
                        <DocumentContent Name="XConsoleView" />
                    </DocumentPane>
                    <DocumentPane ResizeWidth="0.826254826254826*" ResizeHeight="1.65250965250965*" EffectiveSize="715,469.312741312741">
                        <DocumentContent Name="XSelectionViewDock" />
                    </DocumentPane>
                </DocumentPaneResizingPanel>
                <DocumentPane ResizeWidth="0.452290076335878*" ResizeHeight="0.904580152671756*" EffectiveSize="715,474">
                    <DocumentContent Name="XSelectionView2Dock" />
                </DocumentPane>
            </ResizingPanel>
        </ResizingPanel>
    </ResizingPanel>
    <Hidden />
    <Windows />
</DockingManager></Layout>
  <Layout Name="Tiny Color-Picker"><DockingManager version="1.3.0">
    <ResizingPanel ResizeWidth="*" ResizeHeight="*" EffectiveSize="0,0" Orientation="Horizontal">
        <DocumentPane IsMain="true" SelectedIndex="0" ResizeWidth="0.538999650227352*" ResizeHeight="*" EffectiveSize="1027.33333333333,1054">
            <DocumentContent Name="XCompositionViewDock" />
            <DocumentContent Name="XLibraryView" />
        </DocumentPane>
        <DocumentPaneResizingPanel ResizeWidth="0.461000349772648*" ResizeHeight="*" EffectiveSize="878.666666666667,1054" Orientation="Vertical">
            <DocumentPaneResizingPanel ResizeWidth="0.188779461748482*" ResizeHeight="0.493564623273702*" EffectiveSize="879,197.840875912409" Orientation="Horizontal">
                <DocumentPane ResizeWidth="0.193388399071926*" ResizeHeight="*" EffectiveSize="168.828072389791,198">
                    <DocumentContent Name="XColorPickerView" />
                </DocumentPane>
                <DocumentPane ResizeWidth="0.806611600928074*" ResizeHeight="0.385496183206107*" EffectiveSize="704.171927610209,198">
                    <DocumentContent Name="XConsoleView" />
                </DocumentPane>
            </DocumentPaneResizingPanel>
            <DocumentPaneResizingPanel ResizeWidth="0.811220538251518*" ResizeHeight="2.12093919352019*" EffectiveSize="879,850.159124087591" Orientation="Horizontal">
                <DocumentPane ResizeWidth="0.356164660181683*" ResizeHeight="1.92752644076685*" EffectiveSize="310.931748338609,850">
                    <DocumentContent Name="parameterViewDock" />
                </DocumentPane>
                <DocumentPaneResizingPanel ResizeWidth="0.643835339818317*" ResizeHeight="*" EffectiveSize="562.06825166139,850" Orientation="Vertical">
                    <DocumentPane ResizeWidth="0.494403069284586*" ResizeHeight="0.988806138569172*" EffectiveSize="562,417.27619047619">
                        <DocumentContent Name="XSelectionView2Dock" />
                    </DocumentPane>
                    <DocumentPane ResizeWidth="0.505596930715414*" ResizeHeight="1.01119386143083*" EffectiveSize="562,426.72380952381">
                        <DocumentContent Name="XSelectionViewDock" />
                    </DocumentPane>
                </DocumentPaneResizingPanel>
            </DocumentPaneResizingPanel>
        </DocumentPaneResizingPanel>
    </ResizingPanel>
    <Hidden />
    <Windows />
</DockingManager></Layout>
  <Layout Name="Who needs a Color-picker"><DockingManager version="1.3.0">
    <ResizingPanel ResizeWidth="*" ResizeHeight="*" EffectiveSize="0,0" Orientation="Horizontal">
        <DocumentPane IsMain="true" SelectedIndex="0" ResizeWidth="0.476565232598811*" ResizeHeight="*" EffectiveSize="908.333333333333,1054">
            <DocumentContent Name="XCompositionViewDock" />
            <DocumentContent Name="XLibraryView" />
        </DocumentPane>
        <DocumentPaneResizingPanel ResizeWidth="0.523434767401189*" ResizeHeight="2.12093919352019*" EffectiveSize="997.666666666666,1054" Orientation="Vertical">
            <DocumentPaneResizingPanel ResizeWidth="0.479075527529764*" ResizeHeight="1.59656247210385*" EffectiveSize="998,502.071152851193" Orientation="Horizontal">
                <DocumentPane ResizeWidth="0.410469873118027*" ResizeHeight="*" EffectiveSize="407.186114133083,502">
                    <DocumentContent Name="parameterViewDock" />
                </DocumentPane>
                <DocumentPaneResizingPanel ResizeWidth="0.589530126881973*" ResizeHeight="*" EffectiveSize="584.813885866917,502" Orientation="Vertical">
                    <DocumentPane ResizeWidth="0.280845675979029*" ResizeHeight="0.658279011418674*" EffectiveSize="585,139.299455285598">
                        <DocumentContent Name="XConsoleView" />
                    </DocumentPane>
                    <DocumentPane SelectedIndex="0" ResizeWidth="0.719154324020971*" ResizeHeight="1.68563819194902*" EffectiveSize="585,356.700544714402">
                        <DocumentContent Name="XSelectionView2Dock" />
                        <DocumentContent Name="XColorPickerView" />
                    </DocumentPane>
                </DocumentPaneResizingPanel>
            </DocumentPaneResizingPanel>
            <DocumentPane ResizeWidth="0.520924472470236*" ResizeHeight="1.73602786148328*" EffectiveSize="998,545.928847148807">
                <DocumentContent Name="XSelectionViewDock" />
            </DocumentPane>
        </DocumentPaneResizingPanel>
    </ResizingPanel>
    <Hidden />
    <Windows />
</DockingManager></Layout>
  <Layout Name="Bigger Aint Better"><DockingManager version="1.3.0">
    <ResizingPanel ResizeWidth="*" ResizeHeight="*" EffectiveSize="0,0" Orientation="Horizontal">
        <DocumentPaneResizingPanel ResizeWidth="0.221471296193811*" ResizeHeight="*" EffectiveSize="422.124290545404,1054" Orientation="Vertical">
            <DocumentPane ResizeWidth="0.41958816322684*" ResizeHeight="1.03776003729386*" EffectiveSize="422,439.728395061729">
                <DocumentContent Name="parameterViewDock" />
            </DocumentPane>
            <DocumentPane IsMain="true" SelectedIndex="0" ResizeWidth="0.58041183677316*" ResizeHeight="1.43552240545423*" EffectiveSize="422,608.271604938272">
                <DocumentContent Name="XCompositionViewDock" />
                <DocumentContent Name="XLibraryView" />
            </DocumentPane>
        </DocumentPaneResizingPanel>
        <DocumentPaneResizingPanel ResizeWidth="0.778528703806189*" ResizeHeight="2.12093919352019*" EffectiveSize="1483.8757094546,1054" Orientation="Vertical">
            <DocumentPaneResizingPanel ResizeWidth="0.158329656830402*" ResizeHeight="0.432187390776622*" EffectiveSize="1484,165.929480358262" Orientation="Horizontal">
                <DocumentPane ResizeWidth="0.0868401047779517*" ResizeHeight="*" EffectiveSize="127.828634233145,166">
                    <DocumentContent Name="XColorPickerView" />
                </DocumentPane>
                <DocumentPane ResizeWidth="0.247814143527356*" ResizeHeight="1.60292237732061*" EffectiveSize="364.782419272268,166">
                    <DocumentContent Name="XSelectionView2Dock" />
                </DocumentPane>
                <DocumentPane ResizeWidth="0.665345751694692*" ResizeHeight="*" EffectiveSize="979.388946494587,166">
                    <DocumentContent Name="XConsoleView" />
                </DocumentPane>
            </DocumentPaneResizingPanel>
            <DocumentPane ResizeWidth="0.841670343169598*" ResizeHeight="2.29748056548989*" EffectiveSize="1484,882.070519641738">
                <DocumentContent Name="XSelectionViewDock" />
            </DocumentPane>
        </DocumentPaneResizingPanel>
    </ResizingPanel>
    <Hidden />
    <Windows />
</DockingManager></Layout>

</Layouts>