{
    "copy_reg": "<module 'copy_reg' from 'python.zip/copy_reg.py'>",
    "__main__": "<module '__main__' from 'script.py'>",
    "stackless": "<module 'stackless' (built-in)>",
    "__builtin__": "<module '__builtin__' (built-in)>",
    "encodings": "<module 'encodings' from 'ms0:/PSP/GAME/Python/python.zip/encodings/__init__.py'>",
    "encodings.encodings": "None",
    "pspos": "<module 'pspos' (built-in)>",
    "psppath": "<module 'psppath' from 'python.zip/psppath.py'>",
    "errno": "<module 'errno' (built-in)>",
    "encodings.codecs": "None",
    "types": "<module 'types' from 'python.zip/types.py'>",
    "UserDict": "<module 'UserDict' from 'python.zip/UserDict.py'>",
    "psp2d": "<module 'psp2d' (built-in)>",
    "stat": "<module 'stat' from 'python.zip/stat.py'>",
    "zipimport": "<module 'zipimport' (built-in)>",
    "warnings": "<module 'warnings' from 'ms0:/PSP/GAME/Python/python.zip/warnings.py'>",
    "encodings.types": "None",
    "stackless._wrap": "<module 'stackless._wrap' (built-in)>",
    "encodings.ascii": "<module 'encodings.ascii' from 'ms0:/PSP/GAME/Python/python.zip/encodings/ascii.py'>",
    "site": "<module 'site' from 'python.zip/site.py'>",
    "sys": "<module 'sys' (built-in)>",
    "codecs": "<module 'codecs' from 'ms0:/PSP/GAME/Python/python.zip/codecs.py'>",
    "os.path": "<module 'psppath' from 'python.zip/psppath.py'>",
    "_types": "<module '_types' (built-in)>",
    "zlib": "<module 'zlib' (built-in)>",
    "_codecs": "<module '_codecs' (built-in)>",
    "linecache": "<module 'linecache' from 'ms0:/PSP/GAME/Python/python.zip/linecache.py'>",
    "encodings.aliases": "<module 'encodings.aliases' from 'ms0:/PSP/GAME/Python/python.zip/encodings/aliases.py'>",
    "exceptions": "<module 'exceptions' (built-in)>",
    "os": "<module 'os' from 'python.zip/os.py'>"
}